<?xml version="1.0" encoding="UTF-8"?>
<project-private xmlns="http://www.netbeans.org/ns/project-private/1">
    <editor-bookmarks xmlns="http://www.netbeans.org/ns/editor-bookmarks/2" lastBookmarkId="0"/>
    <open-files xmlns="http://www.netbeans.org/ns/projectui-open-files/2">
        <group>
            <file>file:/C:/Users/Santiago/Documents/NetBeansProjects/Login/src/modelo/dao/UsuarioDao.java</file>
            <file>file:/C:/Users/Santiago/Documents/NetBeansProjects/Login/src/vistas/registro.java</file>
            <file>file:/C:/Users/Santiago/Documents/NetBeansProjects/Login/src/modelo/beans/Usuario.java</file>
            <file>file:/C:/Users/Santiago/Documents/NetBeansProjects/Login/src/vistas/interfaz.java</file>
            <file>file:/C:/Users/Santiago/Documents/NetBeansProjects/Login/src/vistas/logueo.java</file>
            <file>file:/C:/Users/Santiago/Documents/NetBeansProjects/Login/src/modelo/logic/UsuarioLogic.java</file>
            <file>file:/C:/Users/Santiago/Documents/NetBeansProjects/Login/src/vistas/datosempleado.java</file>
        </group>
    </open-files>
</project-private>
